Track Name,Count
(banter),1
(crowd banter),3
(curtain's cleft) your'e a catman,1
(psy)polygons,1
(seequence) frequence,1
... and this is what he thought,1
...and this is what he thought,21
...and this is what he thought.,2
...and this is what he thought>,1
1. improbability blotter,1
105 improv,1
132 jam,1
15 step,1
150 intro,2
19-2000,1
1979* (smashing pumpkins),1
2 am,1
2+2=5,1
2+2=5* (radiohead),1
2am,66
2am > paradigm shift > find your cloud,1
2am intro,1
2am>,1
4 - (aphex twin),1
_,1
a chickens fingers,1
a great man once said...,1
a verbs,1
advocate of change,108
advocate of change (reprise),1
advocates of change,3
advocates of change - (ft. ilya goldberg),1
agarikon,13
airbag,1
all i knew,106
all i knew - (ft ilya goldberg),1
all i knew 1/2,1
all i knew 2/2,1
all i knew feat. melanie dewey,1
all i knew*,1
all i need,1
all the love in the world,1
and this is what he thought,12
and this is what he thought...,2
anima mundi,48
anima mundi (night 1),1
anima mundi*,1
animal*,1
around the world,2
art that feeds (improv) >,1
babykid,1
banter,3
bass interlude,1
beau's fresh batch,1
bill murray meets his past,1
bionic intro,1
bionic man w/ jeremiah hunt*,1
bippie babysitter,1
birdy intro,1
black swan,1
blunderfuzz,1
bobtomatrist,1
body music intro,1
bodysnatchers,1
bomb omb battlefield,1
bomb omb battlefield ft. nick gerlach,1
bonus improvisation,1
bonus level (is that beau!?),1
boss battle,22
boss battle*,1
breathe*,1
bucky's sandbox jam,1
by light of the stars,1
by the light of the stars,79
by the light of the stars>,3
bypass default,52
calm the sweater,1
cameron's snacks,1
candy cain & abel,1
catalyst,31
catalyst*,1
cave intro,1
chaga,13
clint eastwood,1
closer,2
closer - (nine inch nails),1
cloud found,101
cloud found (acoustic) ft. cass house,1
cloud found >,1
cold weather,1
compensation for the first,1
content coma,18
content coma (acoustic),1
cordyceps,24
court jesterday,1
crater/creator ft. noah fense,1
crowd banter,22
crowd banter (night 1),1
crowd banter (night 2),1
cubensis,45
cubensis -- we are water (end),1
cue,148
cue (2.17.13),1
cue (5.4.13),1
cue (night 2),1
cue >,1
cue > you & yourself,1
cue>,2
curtain's cleft,1
curtain's cleft: you're a catman,1
curvature,6
curve,73
curve (5.4.13),1
curve >,1
curve jam,6
curve(ature),9
curve(ature) (night 2),1
curve>,1
cushion,63
cutting through the drama,2
da funk - (daft punk),1
dare,1
dare you,36
dare you (into find your cloud incomplete recording),1
david douglass ft. peter carlsen - moonflower  (eskmo remix),1
dayvan cowboy,1
dayvan cowboy (boards of canada),1
dayvan cowboy (boards of canada) >,1
dayvan cowboy* (boards of canada),1
deacon frosty jam,1
deep freeze,1
demon days,1
digital love,1
dire dire docks,1
direction,11
direction (5.4.13),1
direction song,67
direction>,1
dirty gantzin,1
dirty harry,1
distant days,11
distant days (acoustic),1
distant days*,1
distress signal,35
divine moments of truth,1
divine moments of truth*,1
do joy jam,1
do the muddy waka (improv),1
doin it right,1
don't drink the healy-aid,1
donkey kong aquatic ambience,1
dopapod - picture in picture,1
dopapod - present ghosts,1
double dragon,1
dr. mario chill,1
dr. mario fever,1
dream estate,75
dream estate >,1
dream estate*,1
dream estate>,2
drift,36
drift > improbability blotter,1
dwayne the rock opera,1
e: holy heck,1
e: tv song,1
each and every wave,32
each and every wave - (bluetech remix),1
ear 2 ear,1
ear to ear,42
ear to ear (2.17.13),1
ear to ear 2.0,1
ear to ear v2,1
ear to ear*,1
ear to ear>,1
earthcry - 639 ∞ unification,1
earthcry - 852 ∞ remembrance,1
earthcry transition,1
elephant i presume,1
elevator party (improv),1
emberlem,1
empire ants,1
encore jam,2
enigma improv,1
epiphany,54
epiphany >,1
epiphany*,1
eraser,1
euclidean lights,57
euclidean lights - (kalya scintilla remix),1
euclidean lights - (soulacybin remix),1
eventually*,1
every planet we reach is dead,1
everybody wants to rule the world,1
everybody wants to rule the world*,1
everyone is cool,26
everyone is cool*,1
everything in it's right place,1
eye - (smashing pumpkins),1
eyes have eyes (extended),1
face invader,1
fahrenheit fair enough (telefon tel aviv),1
fahrenheit fair enough (telefon tel aviv)*,1
fahrenheit fair enough*,2
fahrenheit fair enough*>,1
family orchestra,1
fanfare for the rain people,31
fanfare for the rainpeople,6
fanfare for the rainpeople (power outage),1
fate,14
fate*,1
feel good inc.,1
felt milk muchacho,1
fibberty gilbert,1
figment,1
find your cloud,159
find your cloud (2.16.13),1
find your cloud (5.3.13),1
find your cloud (acoustic),1
find your cloud (ft. esb horns),1
find your cloud (night 2),1
find your cloud 1/2,4
find your cloud 2/2,4
find your cloud >,2
find your cloud*,2
find your cloud>,5
fire  rite,1
fire rite,39
fly agairc,1
fly agaric,35
flying ft. pablo falbru,1
fool in the rain,1
forever heavy*,1
fossilize,15
fossilize3,1
fpoom,1
freaqy hippie babysitter,1
frequence,47
frequence reprise,1
frequence>,1
front range arp (improv),1
fuller on jam,1
fuse,54
fuse (2.17.13),1
fuse (5.4.13),1
fuse >,1
fyc,1
garden,115
garden (night 1),1
garden* (w/ rob compa),1
gary indiana,1
gazing the great oscilattor,1
gazing the great oscillator,15
gazing the great oscillator > moon entendré,1
gen zz top golf,1
geoglyph,93
geoglyph>,1
geoglyph> if it wasn't for you,1
giving you up,22
giving you up >,1
glimpse of light,56
glimpse of light (night 1),1
glimpse of light*,1
good times bad times,1
gotta be*,1
grand crayonyon,1
guy of the tiger,1
halcyon on and on (orbital),1
"harder, better, faster, stronger",1
head like a hole,1
head like a hole - (nine inch nails),1
hey mom,1
hippie babsitter,1
hippie babyistter,1
hippie babysitter,81
hippie babysitter (5.3.13),1
hippie babysitter (night 1),1
hippie babysitter 1/2,2
hippie babysitter 2/2,2
hippie babysitter ft. chris houser (the werks),1
hippie babysitter>,1
hippy babysitter,5
hold the meetings,1
holy heck,53
holy heck (5.3.13),1
holy heck (acoustic),1
how not to float,63
how not to float (2.16.13),1
how not to float (5.4.13),1
how not to float >,1
how's my zenglish,1
human after all,1
hundred waters - boreal (eskmo remix),1
hurt,1
i had the same dream,7
i had the same dream (_),1
i had the same dream>,1
i've got a brand new mustache (improv),1
idioteque,1
if it was'nt for you,2
if it wasn't for you,46
if it wasn't for you (2.16.13),1
if it wasn't for you (5.3.13),1
if it wasn't for you >,1
if it wasn't for your,1
if it wasn't you,1
if it wasnt for you,5
if your aunt had balls she'd be your uncle,1
im afraid of americans,1
imagine (john lennon),1
imporbability blotter,1
improbability blotter,106
improbability blotter (ft. rohan prakash),1
improbability blotter (night 2),1
improbability blotter 1/2,2
improbability blotter 2/2,2
improbablilty blotter,1
improv,11
improv>,1
in the flesh,1
in the meantime (spacehog),1
in the meantime*,4
inner city blues,1
into,1
into the gortex vortex ft. james eddington,1
into the void,1
into the void - (nine inch nails),1
intro,99
intro am,1
intro improv,1
it it wasn't for you,1
jake's h3tty shirt,1
jam,1
jam 1,1
jam 2,1
jee mynour ft. nick gerlach,1
jimkata - feel in light,1
johnny peppers improv,1
jungle boogie (ft. esb horns),1
just like the days,14
just like you imagined,1
justins belieb it or not,1
kaledescopin out of the situation,1
karma police,3
kicksville,1
kids with guns,2
kiss of the moon nymph,1
knowledge or wisdom,2
lack of everything,4
last living souls,2
left on the light,2
left on the light (acoustic),1
leonard nimbus,1
lift off jam,1
like old times improv,1
liminal daybreak,25
lion's mane,35
lions mane,1
little whiskers,1
loin's mane,1
lost magician jam,1
loud pipes (ratatat),2
love is forever,1
madre de dios,41
madre de dios (2.17.13),1
madre de dios ft. will franke,1
madre do dios,1
madre says,1
madres de dios,1
magreenery,73
magreenery (2.16.13),1
magreenery ft. chris houser (the werks),1
magreenery ft. cloudchord,1
magreenery>,2
mai gorl ft. mike martinez,1
make love,1
mancoluto,1
march of the pigs,1
mario medley,1
mario underground,1
megafauna nirvana,1
megaman bubbleman,1
message bot,1
method,1
method of control,111
method of control (5.3.13),1
method of control (ft. esb horns),1
method of control (night 1),1
method of control w/ dino dimitrouleas*,1
method of control>,4
mgrny,1
micro swung,1
microfactor 127 f#m,1
microreaktor 111 em,1
microswung,1
microswung 158 gm,1
milwaukee: two nights,1
monk radar,1
monochrome,76
monochrome (5.3.13),1
monochrome (acoustic),1
monochrome >,1
monochrome>,2
moon entendre,16
moon entendré,3
moon entendré (night 2),1
moonage daydream (david bowie),1
mozzarella stick bandit: book 1,1
mr turtles cloud kingdom,8
mr. turtle's cloud kingdom,17
mr. turtle's cloud kingdom (acoustic),1
mr. turtles cloud kingdom,45
mr. turtles cloud kingdom - (aligning minds remix),1
music is imagination,1
my iron lung,1
myxomatosis,1
myxomatosis* (radiohead),1
nevermind,1
new 1/2,1
new love,145
new love (night 1),1
new love (reprise),1
new love 1/2,3
new love 2/2,4
new love >,2
new love*,1
new love>,2
night colors,102
night colors (2.16.13),1
night colors (xl),1
night colors 1/2>,1
night colors 2/2,1
night colors>,1
nix stevie (improv),1
no end,12
no end (acoustic),1
no quarter,1
noise intro,1
not just a word,39
now that you know,40
now that you know v2,1
now that you know>,1
o green world,1
oblivion,38
oblivion - (push pull remix),1
obove,24
of mycelium and men,1
old robot,1
omnifreeze,44
omnifreeze - (futexture's carefully ambivalent detailing),1
omnifreeze - (living light remix),1
on the run,1
one more time,1
"one more time for merrick noyes and the newest dad in town, billy brouse!",1
open,5
optimistic,1
optimistic*,1
oracle theme,42
oracle theme>,1
"orion nebula, here we come",1
out of hiding,58
out of hiding (night 2),1
over the hills and far away,1
panda orgy,1
"papadosio - cue - 9.19.14 - red rocks, co",1
papadosio - garden,1
papadosio - planting the seeds of life,1
"papadosio - we are water - 10.11.14 - irving plaza, ny",1
papadosio tonight,1
paradigm,2
paradigm reprise,2
paradigm shift,107
paradigm shift (5.3.13),1
paradigm shift (acoustic),1
paradigm shift (night 2),1
paradigm shift 1/2,4
paradigm shift 2/2,4
paradigm shift > 2am > paradigm shift,1
paradigm shift>,1
paranoid android,1
part 1,1
part 10,1
part 11,1
part 12,1
part 13,1
part 2,1
part 3,1
part 4,1
part 5,1
part 6,1
part 7,1
part 8,1
part 9,1
passage,12
people as trees,5
ph deez,3
ph deez>,1
phdeez,10
phos for us,1
piggy,1
pinyano,1
planting the seeds of life,13
planting the seeds of life (2.17.13),1
planting the seeds of life (5.3.13),1
platypus milk,1
polygone,1
polygons,70
polygons (2.16.13),1
polygons 1/2,4
polygons 2/2,4
polygons>,1
pool of stars,29
pool of stars (ft. esb horns),1
poor melania,1
porcelain,2
porcelain (moby),1
praise you*,1
psipoly,4
psipolygons,1
psypoly,8
puddles for oceans,75
puddles for oceans (night 1),1
puddles for oceans 1/2,1
puddles for oceans 2/2,1
puddles for oceans reprise,1
puddles for oceans*,1
puddles for oceans>,1
puddles or oceans,1
rainbow connection*,1
ramble on,1
ras kasmic (improv),1
reishi,10
remind me (röyksopp),1
richard d. jams,1
right now,35
right now (5.4.13),1
right now (acoustic),1
ritual,41
ritual >,1
rob's horse,1
robot rock,1
rokos basilisk,1
ruminate,1
run like hell,1
salad permission impossible,1
seequence intro,1
select your character (mario 2),1
set ii intro,1
shiitake,38
shine on you crazy diamond,1
siitake,1
skeletonnes improv,1
skipswitch,69
skipswitch (acoustic),1
sleep tomorrow when we leave,1
slumberjack,1
smile & nod,2
smile and nod,92
smile and nod>,1
smile n nod,5
smile n' nod,1
smile n' nod (night 1),1
snapcracklepop,1
snorkle,149
snorkle (5.3.13),1
snorkle (night 2),1
snorkle (reprise),1
snorkle (w/ dan cox),1
snorkle ft. a.c. carter,1
snorkle* (w/ alfonso graceffo of atf),1
song on the spot ep1,2
sos1,1
space oddity (david bowie),1
speak to me breath,1
speech to t-rext,1
spinning,10
spinning ft. eli winderman,1
spinning*,1
stabwaggle,1
state of things,1
stick fgure,1
stick figure,61
stick figure (2.17.13),1
stockade beaver member,1
stormy jam,1
strafe the tiger,1
stylo,1
sub fire 37 (improv) >,1
subterranean homesick alien,2
super high five,1
super jam,1
superfast jellyfish,1
superjam with dopapod*,1
swooshbumpam intro,1
synth dad,1
t.v. song,2
take up thy cape and vanish,1
taking turns,51
taking turns (5.4.13),1
tallbridge over water towards the general direction,1
thank you,1
thank you columbus,1
the antidote for fear,3
the athenian pack ape improv,1
the big smile,13
the big smile (acoustic),1
the big smile*,1
the bionic man meets his pas,1
the bionic man meets his past,143
the bionic man meets his past 1/2,1
the bionic man meets his past 2/2,1
the bionic man meets his past and this is what he thought,1
the bionic man meets his past pt 2,1
the bionic man meets his past xl,1
the bionic man meets his past*,1
the bionic man meets his past...,2
the chicago bridge accident,1
the direction song,1
the domes,3
the elephant i presume,21
the end of the world,17
the end of the world*,1
the eyes have eyes,94
the eyes have eyes (2.16.13),1
the eyes have eyes (5.4.13),2
the eyes have eyes (ft. esb horns),1
the eyes have eyes 1/2,1
the eyes have eyes 2/2,2
the eyes have eyes >,1
the hand that feeds,1
the lack of everything,56
the lack of everything (acoustic),1
the last leaf,1
the legend of zelda,1
the national anthem,1
the national anthem*,2
the oracle theme,6
the perfect drug,1
the perfect drug - (nine inch nails),1
the plug,67
the plug (2.17.13),1
the plug (5.3.13),1
the plug (reprise),1
the plug 1/2,1
the plug 2/2,1
the plug w/ matt mcdonald (ghost owl),1
the plug w/ mihali savoulidis (twiddle),1
"the plug* (ft. eli winderman, rob compa, scotty zwang)",1
the plug>,1
the state of things,15
the state of things*,1
the sum,69
the sum (night 2),1
the sum>,3
the warlocks fitbit,1
the world is a cube,25
the world is cube,1
the wrong nostalgia,51
the wrong nostaliga,1
thearian,1
there's a snake in my bootsy collins,1
therian,36
therian*,1
therian>,1
they eyes have eyes,1
thick mouse,1
third nature - ancient past,1
third nature - meander,1
three,1
threes,80
threes - scott hannay (mister f 8 bit remix),1
threes 1/2,2
threes 2/2,2
threes reprise,1
threes* >,1
throbbinhood,1
toejam and earl,1
trip like i do - (crystal method),1
try it out,1
tv song,19
tv song (2.17.13),1
tv song (5.4.13),1
tv song*,1
universal traveler* >,1
unparalyzer,113
unparalyzer (2.16.13),1
unparalyzer (5.4.13),1
unparalyzer (acoustic),1
unparalyzer (ft. esb horns),1
unparalyzer 1/2,1
unparalyzer 2/2,1
unparalyzer >,1
unparalyzer w/ ben 'smiley' silverstein*,1
unparalyzer w/ eli winderman*,1
unparalyzer*,1
unparalyzer^,2
utopiate,86
utopiate (2.17.13),1
utopiate ft. mike gantzer (aqueous),1
utopiate w/ chris houser*,1
utopiate w/ max newman*,1
utopiate*,2
utoptiate,1
vactollio,1
vactorillio,1
vactrolio,4
vactrollio,89
vactrollio - (earthcry remix),1
vactrollio - (erothyme remix),1
vegan gluten free philly chee (improv),1
versicolor,44
war on war,1
water improv,1
we are water,154
we are water (5.3.13),1
we are water (night 2),1
we are water ft. moonkat,1
we are water>,3
we can always come back,39
we can always come back*,1
we can always come back...,2
we can always come back....,1
we can always come back>,2
we choose,28
we choose (night 1),1
we choose*,1
weekend at bernie sanders,1
weird fishes/arpeggi,1
what's at stake,13
what's at stake*,1
whats at stake,3
where love grows,1
who you are,9
who you are ft. stephanie morgan,1
who you are*,1
wiggle wars,1
wish,1
write sing play mix,55
wrong nostalgia,5
xanadu,22
xanadu*,1
you & yourself,2
you & yourself (acoustic),1
you and your self,1
you and yourself,69
you and yourself (5.4.13),1
you and yourself -> cordyceps,1
you're a catman,22
you're gonna need a bigger goat,1
your'e a catman,6
your're a catman,1
zelda medley,1
zippin on some lizzurp,1
zombie dnb,1
zoom out,31
